,Legal Name,Ignore,Website,AddressProvided,City,State,Zip,Country/Area,lat,lon,display
0,Immunology and Histocompatibility Lab,-,https://umiamihealth.org/,-,Miami,Florida,33136,United States,25.774173,-80.19362,"Miami, Miami-Dade County, Florida, United States"
1,SAFC Carlsbad Inc.,-,https://www.dandb.com/businessdirectory/safccarlsbadinc.-carlsbad-ca-238239.html,-,Carlsbad,California,92009,United States,33.158093,-117.350597,"Carlsbad, San Diego County, California, United States"
2,Innotek Medical Products Inc.,-,http://innotekmedical.com/,-,Oak Brook,Illinois,60523,United States,41.832808,-87.92895,"Oak Brook, DuPage County, Illinois, 60523, United States"
3,Kindbody Princeton,-,https://kindbody.com/location-princeton/,-,Princeton,New Jersey,8542,United States,40.349274,-74.659296,"Princeton, Mercer County, New Jersey, United States"
4,Kindbody Silicon Valley,-,https://kindbody.com/,-,Los Altos,California,94022,United States,37.379063,-122.116578,"Los Altos, Santa Clara County, California, United States"
5,Laboratory Corp. of America,-,https://www.labcorp.com/,-,Raritan,New Jersey,8869,United States,40.567181,-74.634683,"Raritan, Somerset County, New Jersey, 08869, United States"
6,"Eurofins Lancaster Laboratories, Inc",-,https://www.eurofinsus.com/biopharma-services/biopharma-testing-services/biopharma-product-testing/us-locations/lancaster-pa/,-,Lancaster,Pennsylvania,17601,United States,40.03813,-76.305669,"Lancaster, Lancaster County, Pennsylvania, United States"
7,Dendreon Pharmaceuticals LLC,-,https://www.dendreon.com/,-,Union City,Georgia,30291,United States,33.587056,-84.54243,"Union City, Fulton County, Georgia, United States"
8,FMCNA Fresno,-,https://fmcna.com/,-,Fresno,California,93711,United States,36.739442,-119.784831,"Fresno, Fresno County, California, United States"
9,"Vitalife, Inc.",-,http://www.vitalife-inc.com,-,San Juan,Puerto Rico,927,United States,18.465299,-66.116666,"San Juan, Puerto Rico, United States"
10,Northwell Health Laboratories,-,https://www.northwell.edu/northwell-health-labs,-,Little Neck,New York,11362,United States,40.762046,-73.738187,"Little Neck, Queens County, City of New York, New York, 11362, United States"
11,"NuTech Spine, Inc.",-,https://nutechspine.com/,-,Birmingham,Alabama,35223,United States,33.520682,-86.802433,"Birmingham, Jefferson County, Alabama, United States"
12,Oregon Health & Science University,-,https://www.ohsu.edu/,-,Portland,Oregon,97239,United States,45.498193,-122.686496,"Oregon Health & Science University, Southwest Hoffman Avenue, Southwest Hills, Portland, Multnomah County, Oregon, 97201, United States"
13,Organogenesis Inc.,-,https://organogenesis.com/,-,Vestavia Hills,Alabama,35216,United States,33.448799,-86.787949,"Vestavia Hills, Jefferson County, Alabama, 35216, United States"
14,"Promethean LifeSciences, Inc.",-,https://pl-s.com/,-,Pittsburgh,Pennsylvania,15219,United States,40.441694,-79.990086,"Pittsburgh, Allegheny County, Pennsylvania, United States"
15,LifeNet Health (Sabre Street),-,https://www.lifenethealth.org,-,Virginia Beach,Virginia,23452,United States,36.852984,-75.977418,"Virginia Beach, Virginia, United States"
16,Legacy of Hope,-,https://legacyofhope.org,-,Birmingham,Alabama,35233,United States,33.520682,-86.802433,"Birmingham, Jefferson County, Alabama, United States"
17,LifeLink of Puerto Rico,-,https://lifelinkfoundation.org,-,Guaynabo,Puerto Rico,968,United States,18.358149,-66.111697,"Guaynabo, Puerto Rico, United States"
18,LifeNet Health,-,https://www.lifenethealth.org/,-,Virginia Beach,Virginia,23453,United States,36.779505,-76.092972,"LifeNet Health, 1864, Concert Drive, Landstown, Virginia Beach, Virginia, 23453, United States"
19,LifeNet Health,-,https://www.lifenethealth.org/,-,Virginia Beach,Virginia,23455,United States,36.779133,-76.094511,"LifeNet Health, Princess Anne Road, Landstown, Virginia Beach, Virginia, 23453, United States"
20,Mississippi Organ Recovery Agency Inc,-,https://msora.org/,-,Flowood,Mississippi,39232,United States,32.309286,-90.138681,"Flowood, Rankin County, Mississippi, 39232, United States"
21,Fellow Health Inc,-,https://fellowhealthpartners.com/,-,San Leandro,California,94577,United States,37.72493,-122.156077,"San Leandro, Alameda County, California, United States"
22,"Arms, Inc.",-,https://armsmedical.com/,-,Cooper City,Florida,33328,United States,26.057783,-80.269511,"Cooper City, Broward County, Florida, United States"
23,Atrium Health Wake Forest Baptist,-,https://www.wakehealth.edu/,-,Winston Salem,North Carolina,27103,United States,36.099813,-80.244052,"Winston-Salem, Forsyth County, North Carolina, United States"
24,UW Health at The American Center,-,https://www.uwhealth.org/locations/,-,Madison,Wisconsin,53718,United States,43.074761,-89.383761,"Madison, Dane County, Wisconsin, United States"
25,Stryker Puerto Rico Sales LLC,-,https://www.stryker.com/,-,San Juan,Puerto Rico,918,United States,18.465299,-66.116666,"San Juan, Puerto Rico, United States"
26,Texas Procurement LLC,-,https://www.texasprocurement.org/,-,River Oaks,Texas,76114,United States,32.777074,-97.394463,"River Oaks, Tarrant County, Texas, 76114, United States"
27,PLATFORM LLC,-,https://www.ctcompanydir.com/companies/platform-llc/,-,Plainville,Connecticut,6062,United States,41.67114,-72.867243,"Plainville, Hartford County, Connecticut, 06062, United States"
28,Catalent Maryland Inc,-,https://www.catalent.com,-,Harmans,Maryland,21077,United States,39.15733,-76.696636,"Harmans, Anne Arundel County, Maryland, 21077, United States"
29,"Spark Therapeutics, Inc.",-,https://sparktx.com/,-,Philadelphia,Pennsylvania,19104,United States,39.952724,-75.163526,"Philadelphia, Philadelphia County, Pennsylvania, United States"
30,Cell Applications Inc,-,https://www.cellapplications.com/,-,San Diego,California,92121,United States,32.71742,-117.162773,"San Diego, San Diego County, California, United States"
31,The Healing Bank,-,https://thehealingbank.com/,-,Augusta,Georgia,30909,United States,33.470971,-81.974843,"Augusta, Richmond County, Georgia, United States"
32,"TelaGen, LLC",-,https://www.telagenllc.com/,-,Tallahassee,Florida,32308,United States,30.438083,-84.280933,"Tallahassee, Leon County, Florida, United States"
33,Regenerative Biologics Inc,-,https://regenerative-biologics.com/,-,Brooklyn,New York,11237,United States,40.652601,-73.949721,"Brooklyn, Kings County, City of New York, New York, United States"
34,Nutek Bravo LLC,-,https://www.nutekbravo.com/,-,Hayward,California,94545,United States,37.668821,-122.080796,"Hayward, Alameda County, California, United States"
35,"Novartis Gene Therapies, Inc.",-,https://www.novartis.com/about/innovative-medicines/novartis-pharmaceuticals/novartis-gene-therapies,-,San Diego,California,92121,United States,32.71742,-117.162773,"San Diego, San Diego County, California, United States"
36,Aziyo Biologics Inc,-,https://www.aziyo.com/,-,Richmond,California,94804,United States,37.935758,-122.347748,"Richmond, Contra Costa County, California, United States"
37,"LeMaitre Vascular, Inc.",-,https://www.lemaitre.com/,-,Burlington,Massachusetts,1803,United States,42.504817,-71.195611,"Burlington, Middlesex County, Massachusetts, United States"
38,UR Medicine Labs Central Laboratory,-,https://www.urmc.rochester.edu/pathology-labs/central.aspx,-,West Henrietta,New York,14586,United States,43.040063,-77.661669,"West Henrietta, Town of Henrietta, Monroe County, New York, 14586, United States"
39,Hiossen Inc.,-,https://hiossen.com/,-,Norwood,New Jersey,7648,United States,0.0,0.0,0
40,Stembanc Inc,-,https://stembanc.com/,-,Chardon,Ohio,44024,United States,0.0,0.0,0
41,Viacord LLC,-,https://www.viacord.com/,-,Hebron,Kentucky,41048,United States,0.0,0.0,0
42,Kindbody Bryant Park,-,https://kindbody.com/new-york-location/,-,New York,New York,10016,United States,0.0,0.0,0
43,Versiti Michigan Inc,-,https://www.versiti.org/,-,Grand Rapids,Michigan,49503,United States,0.0,0.0,0
44,"Versiti Wisconsin, Inc.",-,https://www.versiti.org/,-,Milwaukee,Wisconsin,53233,United States,0.0,0.0,0
45,ThedaCare Laboratories,-,https://thedacare.org,-,Appleton,Wisconsin,54911,United States,0.0,0.0,0
46,The Cleveland Clinic Foundation,-,https://my.clevelandclinic.org/giving/ways-to-give/foundation-giving,-,Cleveland,Ohio,44195,United States,0.0,0.0,0
47,University of Texas MD Anderson Cancer Center,-,https://www.mdanderson.org/,-,Houston,Texas,77054,United States,0.0,0.0,0
48,"Tech Medical Group, Inc.",-,https://techmedpr.com/en/,-,Guaynabo,Puerto Rico,968,United States,0.0,0.0,0
49,"Duma Co Sciences, LLC",-,http://www.dumacosciences.com/,-,Dallas,Texas,75287,United States,0.0,0.0,0
50,"Regenerative Processing Plant, LLC",-,https://www.regenerativeplant.org/,-,Palm Harbor,Florida,34684,United States,0.0,0.0,0
51,RegenTX Partners LLC,-,https://www.linkedin.com/company/rtxpartnersllc,-,San Antonio,Texas,78249,United States,0.0,0.0,0
52,BioGenetics Corporation,-,https://www.biogenetic.us/,-,Mountainside,New Jersey,7092,United States,0.0,0.0,0
53,Northwestern Medicine,-,https://www.nm.org/locations/northwestern-memorial-hospital,-,Chicago,Illinois,60611,United States,0.0,0.0,0
54,"Scendia Biologics, LLC",-,https://www.linkedin.com/company/scendiabio,-,Orlando,Florida,32806,United States,0.0,0.0,0
55,Bio Tech Med Corp.,-,http://biotechmedical.com.my/,-,San German,Puerto Rico,683,United States,0.0,0.0,0
56,Eversight,-,https://www.eversightvision.org/,-,Ann Arbor,Michigan,48108,United States,0.0,0.0,0
57,Bio Cell And Tissue Technologies,-,http://biocett.com/,-,Salt Lake City,Utah,84108,United States,0.0,0.0,0
58,Seattle Cancer Care Alliance,-,https://www.seattlecca.org/,-,Seattle,Washington,98109,United States,0.0,0.0,0
59,"OsteoLife Biomedical, LLC",-,http://www.osteolifebiomedical.com/,-,Jupiter,Florida,33458,United States,0.0,0.0,0
60,CRA Biotech LLC.,-,https://crabiotech.com/,-,Saint Simons Island,Georgia,31522,United States,0.0,0.0,0
61,Children's Healthcare of Atlanta,-,https://www.choa.org/,-,Atlanta,Georgia,30322,United States,0.0,0.0,0
62,Osteobiologic Solutions Inc,-,http://osteobiologicsolutions.com/,-,Magnolia,Texas,77354,United States,0.0,0.0,0
63,"In2Bones USA, LLC",-,https://i2b-usa.com/,-,Memphis,Tennessee,38119,United States,0.0,0.0,0
64,Catalent Maryland,-,https://www.catalent.com,-,Baltimore,Maryland,21201,United States,0.0,0.0,0
65,CARE for the Bay Area,-,https://care4ba.com/care-team,-,Los Gatos,California,95032,United States,0.0,0.0,0
66,Nvision Biomedical Technologies Inc,-,https://nvisionbiomed.com/,-,San Antonio,Texas,78249,United States,0.0,0.0,0
67,"NuVasive, Inc",-,https://www.nuvasive.com/,-,Memphis,Tennessee,38118,United States,0.0,0.0,0
68,"Extremity Medical, LLC",-,https://www.extremitymedical.com/,-,Parsippany,New Jersey,7054,United States,0.0,0.0,0
69,"Katena Products, Inc.",-,https://www.katena.com/,-,Randolph,New Jersey,7869,United States,0.0,0.0,0
70,"LifeCell Corporation, A Wholly Owned Subsidiary of Allergan PLC",-,https://www.aatb.org/lifecell-corporation-allergan-affiliate,-,Branchburg,New Jersey,8876,United States,0.0,0.0,0
71,LifeCell Corporation,-,https://www.aatb.org/lifecell-corporation-allergan-affiliate,-,Branchburg,New Jersey,8876,United States,0.0,0.0,0
72,Laboratory Corporation Of America,-,https://www.labcorp.com/node/88,-,Burlington,North Carolina,27215,United States,0.0,0.0,0
73,Laboratory Corporation of America ViroMed Laboratories,-,https://www.labcorp.com/node/92,-,Burlington,North Carolina,27215,United States,0.0,0.0,0
74,Altus Partners LLC dba Altus Spine,-,https://www.altuspartners.com/,-,West Chester,Pennsylvania,19380,United States,0.0,0.0,0
75,"AssureImmune, LLC",-,http://www.assureimmune.com/,-,Miami,Florida,33136,United States,0.0,0.0,0
76,Apex Biologics,-,https://apexbiologix.com/,-,Alpine,Utah,84004,United States,0.0,0.0,0
77,Oxford Biomedica (UK) Limited,-,https://www.oxb.com/,-,Oxford,-,-,United Kingdom,0.0,0.0,0
78,"Innovasis, Inc",-,https://www.innovasis.com/,-,Salt Lake City,Utah,84107,United States,0.0,0.0,0
79,Joint Restoration Foundation,-,https://jrfortho.org/about,-,San Leandro,California,94577,United States,0.0,0.0,0
80,Tri-State Biologics Inc.,-,http://www.tristatebiologics.com/,-,Secaucus,New Jersey,7094,United States,0.0,0.0,0
81,"SpineCraft, LLC.",-,https://www.spinecraft.com/,-,Westmont,Illinois,60559,United States,0.0,0.0,0
82,"Sterigenics US, LLC",-,https://sterigenics.com/,-,Haw River,North Carolina,27258,United States,0.0,0.0,0
83,Tritin Medical Distribution LLC,-,https://www.tritinmed.com/,-,Farmers Branch,Texas,75244,United States,0.0,0.0,0
84,"Berkeley Advanced Biomaterials, LLC",-,https://www.ostetic.com/,-,Berkeley,California,94710,United States,0.0,0.0,0
85,Precise Bioscience LLC,-,https://www.precisebioscience.com/,-,Willowbrook,Illinois,60527,United States,0.0,0.0,0
86,"Amnio Technology, LLC",-,https://amniotechnology.com/,-,Phoenix,Arizona,85027,United States,0.0,0.0,0
87,WuXi AppTec Inc.,-,https://www.wuxiapptec.com/about/,-,Marietta,Georgia,30066,United States,0.0,0.0,0
88,"PhysioRX, LLC",-,https://www.physiorx.com/,-,Ocoee,Florida,34761,United States,0.0,0.0,0
89,Wake Forest University School of Medicine,-,https://school.wakehealth.edu/,-,Winston Salem,North Carolina,27157,United States,0.0,0.0,0
90,Hans Biomed Corporation,-,http://www.hansbiomed.com/en/,-,Yusung,-,-,Korea (the Republic of),0.0,0.0,0
91,Randolph Health,-,https://www.randolphhealth.org/,-,Asheboro,North Carolina,27203,United States,0.0,0.0,0
92,"Alphacord, LLC",-,https://www.alphacord.com/,-,Scottsdale,Arizona,85260,United States,0.0,0.0,0
93,"Celularity, Inc. dba LifebankUSA",-,https://celularity.com/company/lifebank/,-,Cedar Knolls,New Jersey,7927,United States,0.0,0.0,0
94,"Allotex, Inc",-,https://allotex.com/,-,Boston,Massachusetts,2210,United States,0.0,0.0,0
95,Kuehne & Nagel Inc,-,https://us.kuehne-nagel.com/-/texas-offices,-,Lewisville,Texas,75057,United States,0.0,0.0,0
96,"Coloplast Manufacturing US, LLC",-,https://www.coloplast.us,-,Minneapolis,Minnesota,55411,United States,0.0,0.0,0
97,Avant Solutions,-,https://www.avantsolutions.org/,-,San Antonio,Texas,78258,United States,0.0,0.0,0
98,Laboratory Corporation of America,-,https://www.labcorp.com/node/89,-,Tampa,Florida,33634,United States,0.0,0.0,0
99,Austin Laboratory New Health LLC,-,https://npidb.org/organizations/laboratories/clinical-medical-laboratory_291u00000x/1114246030.aspx,-,Austin,Texas,78758,United States,0.0,0.0,0
100,Stanford Health Care,-,https://stanfordhealthcare.org/,-,Stanford,California,94305,United States,0.0,0.0,0
101,"Crown Peak Industries, LLC",-,https://www.linkedin.com/company/crownpeakindustries,-,Scottsdale,Arizona,85258,United States,0.0,0.0,0
102,ClinImmune Labs,-,https://www.clinimmune.com/,-,Aurora,Colorado,80045,United States,0.0,0.0,0
103,Cton Laboratories,-,https://www.ctonlab.com/,-,Torrance,California,90503,United States,0.0,0.0,0
104,Dendreon Corporation,-,https://www.dendreon.com/,-,Seattle,Washington,98102,United States,0.0,0.0,0
105,"Parametrics Medical, LLC",-,https://parametricsmedical.com/,-,Leander,Texas,78641,United States,0.0,0.0,0
106,CITAGENIX INC,-,https://www.citagenix.com/,-,Milford,Michigan,48381,United States,0.0,0.0,0
107,Osiris Therapeutics Inc,-,osiris.com,-,Columbia,Maryland,21046,United States,0.0,0.0,0
108,Vigilant Bioservices LLC,-,https://www.vigilantbioservices.com/,-,Baltimore,Maryland,21201,United States,0.0,0.0,0
109,"Arthomed, LLC.",-,https://www.arthomed.com/,-,Delray Beach,Florida,33444,United States,0.0,0.0,0
110,UPMC Hematopoietic Stem Cell Laboratory,-,https://hillmanresearch.upmc.edu/research/facilities/hematopoietic-stem-cell/,-,Pittsburgh,Pennsylvania,15213,United States,0.0,0.0,0
111,Joint Restoration Foundation,-,https://jrfortho.org/about,-,Centennial,Colorado,80112,United States,0.0,0.0,0
112,"StemCyte, Inc",-,https://www.stemcyte.com/,-,Baldwin Park,California,91706,United States,0.0,0.0,0
113,Franciscan  Health  Indianapolis,-,https://www.franciscanhealth.org/find-a-location/franciscan-health-indianapolis-218334,-,Indianapolis,Indiana,46237,United States,0.0,0.0,0
114,Stryker Spine,-,https://www.strykerneurotechnology.com/,-,Allendale,New Jersey,7401,United States,0.0,0.0,0
115,"Surgilogix, LLC",-,http://www.surgilogix.com/,-,San Antonio,Texas,78231,United States,0.0,0.0,0
116,AlloSource,-,https://allosource.org/,-,Maryland Heights,Missouri,63043,United States,0.0,0.0,0
117,Vista Biologicals Corporation,-,https://www.linkedin.com/company/vista-biologicals-corporation,-,Carlsbad,California,92011,United States,0.0,0.0,0
118,"Seoul Radiology Service Company, Ltd.",-,https://sentrybps.com/,-,Chungcheongbuk-Do,-,-,Korea (the Republic of),0.0,0.0,0
119,Veterans Affairs Medical Ctr,-,https://www.va.gov/health/,-,Lexington,Kentucky,40502,United States,0.0,0.0,0
120,LifeCenter Northwest,-,https://lcnw.org/,-,Edmonds,Washington,98026,United States,0.0,0.0,0
121,GenCure,-,http://gencurepharma.com/,-,Weslaco,Texas,78596,United States,0.0,0.0,0
122,"telaGen, LLC",-,https://www.telagenllc.com/,-,Metairie,Louisiana,70002,United States,0.0,0.0,0
123,Blythe Enterprises Inc,-,https://acellfx.com/,-,Hoschton,Georgia,30548,United States,0.0,0.0,0
124,"SEED Biotech, Inc.",-,https://www.seedbiotech.com/,-,Dallas,Texas,75226,United States,0.0,0.0,0
125,REI Division  Brooke Army Med Cntr,-,https://bamc.tricare.mil/,-,Jbsa Ft Sam Houston,Texas,78234,United States,0.0,0.0,0
126,"Captiva Spine, Inc",-,https://www.captivaspine.com/,-,Jupiter,Florida,33477,United States,0.0,0.0,0
127,Scripps Medical Laboratory,-,https://www.scripps.org/services/laboratory-services,-,San Diego,California,92121,United States,0.0,0.0,0
128,RX Medical,-,https://rxmedicalokc.com/,-,Oklahoma City,Oklahoma,73114,United States,0.0,0.0,0
129,"SciSafe, Inc.",-,https://www.scisafe.com/,-,Cranbury,New Jersey,8512,United States,0.0,0.0,0
130,"Surgentec, LLC",-,https://www.surgentec.com/,-,Boca Raton,Florida,33487,United States,0.0,0.0,0
131,Hans Biomed USA Inc.,-,https://www.linkedin.com/company/hansbiomedusa,-,Englewood Cliffs,New Jersey,7632,United States,0.0,0.0,0
132,Camber Spine Technologies,-,https://www.cambermedtech.com/all-products,-,King Of Prussia,Pennsylvania,19406,United States,0.0,0.0,0
133,AlloSource,-,https://allosource.org/,-,Houston,Texas,77054,United States,0.0,0.0,0
134,"Regenerative Biologics, Inc.",-,https://regenerative-biologics.com/,-,Gainesville,Florida,32653,United States,0.0,0.0,0
135,"BioLab Sciences, Inc.",-,https://www.biolabsciences.net/,-,Scottsdale,Arizona,85260,United States,0.0,0.0,0
136,"Regenerative Biologics, Inc.",-,https://regenerative-biologics.com/,-,Pensacola,Florida,32504,United States,0.0,0.0,0
137,"Hitachi Chemical Advanced Therapeutics Solutions, LLC",-,https://www.linkedin.com/company/pct-cell-therapy-services,-,Allendale,New Jersey,7401,United States,0.0,0.0,0
138,Mayo Clinic Rochester - Human Tissue,-,https://www.mayoclinic.org/patient-visitor-guide/minnesota,-,Rochester,Minnesota,55905,United States,0.0,0.0,0
139,Cavalier Biotech LLC,-,https://www.bizapedia.com/va/cavalier-biotech-llc.html,-,Chesapeake,Virginia,23320,United States,0.0,0.0,0
140,Skye Biologics Holdings LLC,-,https://www.skyebiologics.com/,-,El Segundo,California,90245,United States,0.0,0.0,0
141,AlloSource Inc,-,https://allosource.org/,-,Cincinnati,Ohio,45202,United States,0.0,0.0,0
142,LiveOnNY,-,https://www.liveonny.org/,-,Long Island City,New York,11103,United States,0.0,0.0,0
143,AlloSource,-,https://allosource.org/,-,Tracy,California,95304,United States,0.0,0.0,0
144,"Regenerative Biologics, Inc.",-,https://regenerative-biologics.com/,-,Palm City,Florida,34990,United States,0.0,0.0,0
145,Eversight,-,https://www.eversightvision.org/,-,Cleveland,Ohio,44103,United States,0.0,0.0,0
146,"AlloSource, Inc.",-,https://allosource.org/,-,Centennial,Colorado,80111,United States,0.0,0.0,0
147,INCELL Corporation LLC,-,https://www.incell.com/,-,San Antonio,Texas,78249,United States,0.0,0.0,0
148,Harbinger Medical Group dba Tides Medical,-,https://www.aatb.org/harbinger-medical-group-llc-dba-tides-medical,-,Lafayette,Louisiana,70508,United States,0.0,0.0,0
149,Kimera Labs Inc,-,https://kimeralabs.com/,-,Miramar,Florida,33025,United States,0.0,0.0,0
150,LeMaitre Vascular Inc,-,https://www.lemaitre.com/,-,Fox River Grove,Illinois,60021,United States,0.0,0.0,0
151,"Integrity Biologics, LLC",-,https://www.integritybio.com,-,Bixby,Oklahoma,74008,United States,0.0,0.0,0
152,"IsoTis OrthoBiologics, Inc.",-,https://www.seaspine.com/orthobiologics/isotis/,-,Irvine,California,92618,United States,0.0,0.0,0
153,"Regenerative Biologics, Inc.",-,https://regenerative-biologics.com/,-,Bradenton,Florida,34205,United States,0.0,0.0,0
154,"Rapp Medical Systems, Inc.",-,https://www.linkedin.com/company/rapp-medical-systems-inc./,-,Indianapolis,Indiana,46260,United States,0.0,0.0,0
155,Regenerative Biologics,-,https://regenerative-biologics.com/,-,Birmingham,Alabama,35242,United States,0.0,0.0,0
156,"Parametrics Medical, LLC",-,https://parametricsmedical.com/,-,San Antonio,Texas,78258,United States,0.0,0.0,0
157,"SpineFrontier, Inc.",-,http://spinefrontier.com/,-,Malden,Massachusetts,2148,United States,0.0,0.0,0
158,"Pinnacle, Inc",-,https://pinnacle-mi.com/,-,Troy,Michigan,48083,United States,0.0,0.0,0
159,SOLCO BIOMEDICAL CORPORATION,-,https://www.solcohealthcare.com/,-,Plano,Texas,75093,United States,0.0,0.0,0
160,"Plakous Therapeutics, Inc",-,https://www.plakoustherapeutics.com/,-,Winston Salem,North Carolina,27103,United States,0.0,0.0,0
161,SpinalGraft Technologies LLC,-,https://www.dnb.com/business-directory/company-profiles.spinalgraft_technologies_llc.66d66921d4069df716362da716cbb569.html,-,Memphis,Tennessee,38118,United States,0.0,0.0,0
162,"Regenerative Biologics, Inc.",-,https://regenerative-biologics.com/,-,Margate,Florida,33063,United States,0.0,0.0,0
163,"Saura Medical, LLC",-,http://sauramed.com/,-,Las Vegas,Nevada,89120,United States,0.0,0.0,0
164,"Six Medical Solutions, LLC",-,https://www.linkedin.com/company/six-medical-solutions,-,Scottsdale,Arizona,85260,United States,0.0,0.0,0
165,"Medtech Southeast, Inc.",-,https://medtech-southeast-inc.business.site/,-,Tifton,Georgia,31794,United States,0.0,0.0,0
166,Mercy Health St. Mary's,-,https://www.mercyhealth.com/location/trinity-health-saint-marys-grand-rapids,-,Grand Rapids,Michigan,49503,United States,0.0,0.0,0
167,MD Tox Laboratory,-,https://www.labprospects.com/CLIA/05D2040304,-,Irvine,California,92614,United States,0.0,0.0,0
168,LifeCenter Northwest,-,https://lcnw.org/,-,Bellevue,Washington,98006,United States,0.0,0.0,0
169,National Jewish Health,-,https://www.nationaljewish.org/home,-,Denver,Colorado,80206,United States,0.0,0.0,0
170,"Osteogenics Biomedical, Inc.",-,https://osteogenics.com/,-,Lubbock,Texas,79424,United States,0.0,0.0,0
171,"Omnia Biologix, LLC",-,https://omniamedical.com/,-,Morgantown,West Virginia,26508,United States,0.0,0.0,0
172,Oregon Health & Science University,-,https://www.ohsu.edu/school-of-medicine,-,Portland,Oregon,97239,United States,0.0,0.0,0
173,"StemCure,  Inc.",-,https://stemcure.com/,-,Brooklyn,New York,11232,United States,0.0,0.0,0
174,"OCO Biomedical, Inc.",-,https://www.ocobiomedical.com/,-,Albuquerque,New Mexico,87113,United States,0.0,0.0,0
175,Aurora Spine Inc,-,https://www.aurora-spine.com/,-,Carlsbad,California,92008,United States,0.0,0.0,0
176,University Of Texas MD Anderson Cancer Center,-,https://www.mdanderson.org/,-,Houston,Texas,77030,United States,0.0,0.0,0
177,University of South Florida Morsani College of Medicine,-,https://health.usf.edu/medicine/,-,Tampa,Florida,33606,United States,0.0,0.0,0
178,Bioeden Inc,-,https://www.bioeden.com/us/,-,Austin,Texas,78748,United States,0.0,0.0,0
179,University of Utah Cell Therapy and Regnerative Medicine,-,https://medicine.utah.edu/internal-medicine/cell,-,Salt Lake City,Utah,84108,United States,0.0,0.0,0
180,"Banco de Ojos del Leonismo Puertorrique?o, Inc.",-,https://fundacionbancodeojospr.org/,-,San Juan,Puerto Rico,921,United States,0.0,0.0,0
181,Banco Vida Corp.,-,https://www.bancovida.com/,-,San Juan,Puerto Rico,918,United States,0.0,0.0,0
182,"AGORA Health Solutions, LLC",-,https://www.flbusinessgo.com/companies/L15000213399/,-,Boca Raton,Florida,33487,United States,0.0,0.0,0
183,"Vivex Biologics, Inc.",-,https://vivex.com/,-,Miami,Florida,33167,United States,0.0,0.0,0
184,Aesculap Inc,-,https://www.aesculapusa.com/en.html,-,Hazelwood,Missouri,63042,United States,0.0,0.0,0
185,Advanced Biologics LLC,-,https://www.advancedbiologics.com/,-,Carlsbad,California,92008,United States,0.0,0.0,0
186,"Versari Global Health Partners, LLC",-,https://opencorporates.com/companies/us_mo/LC001523307,-,Saint Louis,Missouri,63126,United States,0.0,0.0,0
187,Amgen Technology (Ireland) Unlimited Company,-,https://www.amgen.co.uk,-,Dun Laoghaire,-,-,Ireland,0.0,0.0,0
188,Wake Forest Institute for Regenerative Medicine,-,https://school.wakehealth.edu/research/institutes-and-centers/wake-forest-institute-for-regenerative-medicine,-,Winston Salem,North Carolina,27101,United States,0.0,0.0,0
189,AlloSource Inc.,-,https://allosource.org/,-,San Diego,California,92108,United States,0.0,0.0,0
190,CTL Medical Corporation,-,https://www.ctlamedica.com/,-,Addison,Texas,75001,United States,0.0,0.0,0
191,"Core BioScience, LLC",-,https://www.bizapedia.com/ca/core-bioscience-llc.html,-,Redlands,California,92373,United States,0.0,0.0,0
192,Eversight Illinois (Chicago),-,https://www.eversightvision.org/,-,Chicago,Illinois,60661,United States,0.0,0.0,0
193,"Cook General BioTechnology, LLC",-,https://www.cookbiotech.com/,-,Indianapolis,Indiana,46202,United States,0.0,0.0,0
194,"telaGen, LLC",-,https://www.telagenllc.com/,-,Montgomery,Alabama,36117,United States,0.0,0.0,0
195,"Eversight Illinois, Bloomington",-,https://www.eversightvision.org/,-,Bloomington,Illinois,61704,United States,0.0,0.0,0
196,Children's Healthcare of Atlanta at Scottish Rite,-,https://www.choa.org/locations/scottish-rite-hospital,-,Atlanta,Georgia,30342,United States,0.0,0.0,0
197,Texas Tech University Health Science Center,-,https://www.ttuhsc.edu/,-,Lubbock,Texas,79430,United States,0.0,0.0,0
198,"Eurofins Viracor, Inc.",-,https://www.eurofins-viracor.com/,-,Lees Summit,Missouri,64086,United States,0.0,0.0,0
199,"telaGen, LLC",-,https://www.telagenllc.com/,-,Mobile,Alabama,36609,United States,0.0,0.0,0
200,"C.G. Laboratories, Inc.",-,https://cg-labs.com/,-,Granbury,Texas,76048,United States,0.0,0.0,0
201,Genesis Biologics Inc,-,https://genesisbiologics.com/,-,Irvine,California,92606,United States,0.0,0.0,0
202,"telaGen, LLC",-,https://www.telagenllc.com/,-,Dothan,Alabama,36303,United States,0.0,0.0,0
203,University of Alabama at Birmingham Gamete Biology Lab,-,https://www.uab.edu/cas/biology/,-,Birmingham,Alabama,35233,United States,0.0,0.0,0
204,Genetech Inc,-,https://www.gene.com/,-,San Diego,California,92109,United States,0.0,0.0,0
205,"Ten20 Medical Distribution, LLC",-,https://ten20medical.com/,-,Dallas,Texas,75244,United States,0.0,0.0,0
206,"VGI Medical, LLC",-,http://vgimedical.com/,-,Largo,Florida,33773,United States,0.0,0.0,0
207,Steris Laboratories,-,https://www.steris.com/,-,Brooklyn Park,Minnesota,55445,United States,0.0,0.0,0
208,"Synergy Biologics, LLC",-,https://www.synergybiologics.com/,-,Tallahassee,Florida,32308,United States,0.0,0.0,0
209,UTHealth Medical School The Evelyn H Griffin Stem Cell Thera,-,https://med.uth.edu/pediatricsurgery/research/research-centers-and-programs/translational-laboratories/facilities/core-facilities/cellular-therapy-core/,-,Houston,Texas,77054,United States,0.0,0.0,0
210,"StemImmune, Inc",-,https://stem-immune.com/,-,San Diego,California,92122,United States,0.0,0.0,0
211,Sterigenics U.S. LLC.,-,https://sterigenics.com/,-,Corona,California,92878,United States,0.0,0.0,0
212,Univ of Chicago Med Center Advanced Cellular Therapeutics Facility,-,https://www.uchicagomedicine.org/cancer/types-treatments/cellular-therapy,-,Chicago,Illinois,60637,United States,0.0,0.0,0
213,Univ of Ill Hosp & Hlth Sciences Stem Cell / Bone Marrow Processing Lab,-,https://hospital.uillinois.edu/primary-and-specialty-care/transplantation-program/blood-and-marrow-transplant-program,-,Chicago,Illinois,60612,United States,0.0,0.0,0
214,University Of Chicago,-,https://www.uchicago.edu/,-,Chicago,Illinois,60637,United States,0.0,0.0,0
215,"Sterigenics US, LLC",-,https://sterigenics.com/,-,Charlotte,North Carolina,28278,United States,0.0,0.0,0
216,"Sterigenics US, LLC",-,https://sterigenics.com/,-,Hayward,California,94545,United States,0.0,0.0,0
217,"Snoasis Medical, LLC",-,https://www.snoasismedical.com/,-,Golden,Colorado,80401,United States,0.0,0.0,0
218,Texas Tech University Health Sciences Center,-,https://www.ttuhsc.edu/,-,Lubbock,Texas,79415,United States,0.0,0.0,0
219,"Spineology, Inc.",-,https://www.spineology.com/,-,Saint Paul,Minnesota,55128,United States,0.0,0.0,0
220,"Sports Tek Medical, Inc.",-,https://www.linkedin.com/company/sportstek-medical,-,Anaheim,California,92807,United States,0.0,0.0,0
221,Stability Biologics LLC,-,https://www.stabilitybio.com/,-,San Antonio,Texas,78232,United States,0.0,0.0,0
222,Sartorius Stedim Biooutsource Limited,-,https://www.sartorius.com/en,-,Glasgow,-,-,United Kingdom,0.0,0.0,0
223,Center For Cell & Gene Therapy,-,https://www.bcm.edu/academic-centers/cell-and-gene-therapy,-,Houston,Texas,77030,United States,0.0,0.0,0
224,CellRight Technologies LLC,-,https://www.tissueregenixus.com,-,Universal City,Texas,78148,United States,0.0,0.0,0
225,Cardinal Health dba Specialty Pharmaceutical Services,-,https://www.cardinalhealth.com,-,La Vergne,Tennessee,37086,United States,0.0,0.0,0
226,"Cade Medical, Inc.",-,https://www.cademed.com,-,Temecula,California,92590,United States,0.0,0.0,0
227,"Biovex, Inc.",-,https://www.dnb.com/business-directory/company-profiles.biovex_inc.b74a48fc39a6dc0b6749bc9a14690295.html,-,Woburn,Massachusetts,1801,United States,0.0,0.0,0
228,Biovex Ltd,-,https://www.bionity.com/en/companies/12432/biovex-ltd.html,-,Abingdon,-,-,United Kingdom,0.0,0.0,0
229,"BioReference Health, LLC",-,https://www.corporationwiki.com/p/3cp22u/bioreference-health-llc,-,Elmwood Park,New Jersey,7407,United States,0.0,0.0,0
230,"Elite Biologics, LLC",-,https://www.bioagilytix.com/services/our-cro-lab-capabilities/?loc_physical_ms=87542&matchtype=p&campaignid=395392887&device=c&adposition=&keyword=biologics+services&kw=biologics+services&cpn=395392887&msclkid=21097d3f6c3b1ca794fc1fcec3039265,-,Leawood,Kansas,66211,United States,0.0,0.0,0
231,Eversight,-,https://www.eversightvision.org/,-,Middletown,Connecticut,6457,United States,0.0,0.0,0
232,Elite Spine LLC,-,https://elitespine.care/,-,Collegeville,Pennsylvania,19426,United States,0.0,0.0,0
233,"Crestview Pharma, LLC",-,https://crestviewpharmacyfla.com/,-,Aiken,South Carolina,29805,United States,0.0,0.0,0
234,Coriell Institue for Medical Research,-,https://coriell.org/,-,Camden,New Jersey,8103,United States,0.0,0.0,0
235,Cooper Institute,-,https://www.cooperinstitute.org/,-,Houston,Texas,77074,United States,0.0,0.0,0
236,"Alpha Tissue, Inc",-,https://alphatissue.net/,-,Stone Mountain,Georgia,30083,United States,0.0,0.0,0
237,"Alon Medical Technology, LLC",-,https://alonmedical.com/,-,Lafayette,Louisiana,70503,United States,0.0,0.0,0
238,AlloSource,-,https://allosource.org/,-,Chicago,Illinois,60654,United States,0.0,0.0,0
239,Allo Source,-,https://allosource.org/,-,Altoona,Iowa,50009,United States,0.0,0.0,0
240,"AEGIS Spine, Inc.",-,https://aegisspine.com/,-,Englewood,Colorado,80112,United States,0.0,0.0,0
241,Banner Desert Med Center And Cardon Children's Med Center,-,https://www.bannerhealth.com,-,Mesa,Arizona,85202,United States,0.0,0.0,0
242,"Axolotl Biologix, Inc.",-,https://axobio.com/,-,Phoenix,Arizona,85027,United States,0.0,0.0,0
243,AxoGen Corporation,-,https://www.axogeninc.com/,-,Dayton,Ohio,45402,United States,0.0,0.0,0
244,Applied Biologics LLC,-,https://appliedbiologics.com/,-,Scottsdale,Arizona,85258,United States,0.0,0.0,0
245,AnMed Health,-,https://anmedhealth.org/,-,Anderson,South Carolina,29621,United States,0.0,0.0,0
246,"Evologics, LLC",-,https://evologics.us/,-,San Antonio,Texas,78240,United States,0.0,0.0,0
247,"Osteobiologic Solutions, Inc.,",-,http://osteobiologicsolutions.com/,-,The Woodlands,Texas,77381,United States,0.0,0.0,0
248,Puragraft LLC,-,https://puragraft.com/,-,Kingwood,Texas,77339,United States,0.0,0.0,0
249,Olympia Women's Health,-,https://olywomen.com/,-,Olympia,Washington,98502,United States,0.0,0.0,0
250,Fisher BioServices,-,http://www.fisherbioservices.com/,-,Rockville,Maryland,20850,United States,0.0,0.0,0
251,"Regenerative Biologics, Inc.",-,https://regenerative-biologics.com/,-,Jacksonville,Florida,32210,United States,0.0,0.0,0
252,"Resilience, LLC",-,https://phoenixresilience.com/,-,Phoenix,Arizona,85027,United States,0.0,0.0,0
253,"Quality Bioresources, Inc",-,https://qualbio.com/,-,Seguin,Texas,78155,United States,0.0,0.0,0
254,"Regenerative Biologics, Inc.",-,https://regenerative-biologics.com/,-,Tallahassee,Florida,32309,United States,0.0,0.0,0
255,Regenerative Biologics Inc.,-,https://regenerative-biologics.com/,-,Gainesville,Florida,32653,United States,0.0,0.0,0
256,Regenerative Biologics Inc,-,https://regenerative-biologics.com/,-,Panama City,Florida,32405,United States,0.0,0.0,0
257,"IntegoGen, LLC",-,https://www.aatb.org/integogen-llc,-,Tallahassee,Florida,32308,United States,0.0,0.0,0
258,"Microvascular Tissue, Inc",-,https://www.mvtissues.com/,-,San Diego,California,92121,United States,0.0,0.0,0
259,High Desert Medical Solutions,-,https://www.linkedin.com/company/high-desert-medical-solutions,-,Albuquerque,New Mexico,87102,United States,0.0,0.0,0
260,HEMOGENYX LLC,-,https://hemogenyx.com/about,-,Brooklyn,New York,11226,United States,0.0,0.0,0
261,Garcia Laboratories LLC,-,https://www.linkedin.com/company/garcia-laboratories-llc,-,Albuquerque,New Mexico,87110,United States,0.0,0.0,0
262,WuXi AppTec Inc.,-,https://www.wuxiapptec.com/about/,-,Saint Paul,Minnesota,55120,United States,0.0,0.0,0
263,Medtronic Inc,-,https://www.medtronic.com/us-en/index.html,-,Tempe,Arizona,85281,United States,0.0,0.0,0
264,Medtronic,-,https://www.medtronic.com/us-en/index.html,-,Minneapolis,Minnesota,55416,United States,0.0,0.0,0
265,"IntegraMed Medical Connecticut, LLC",-,https://imedcenter.com/,-,Trumbull,Connecticut,6611,United States,0.0,0.0,0
266,"Max Spine, LLC",-,https://www.corporationwiki.com/Texas/El-Paso/max-spine-llc/37765531.aspx,-,El Paso,Texas,79902,United States,0.0,0.0,0
267,Mayo Clinic Florida,-,https://www.mayoclinic.org/patient-visitor-guide/florida,-,Jacksonville,Florida,32224,United States,0.0,0.0,0
268,"Integra Lifescience, LLC",-,https://www.integralife.com/,-,Fenton,Missouri,63026,United States,0.0,0.0,0
269,"InterMountain Medical, Inc",-,https://intermountainhealthcare.org/,-,Lakewood,Colorado,80215,United States,0.0,0.0,0
270,Interventional Spine Inc,-,http://interventionalspine.net/,-,Irvine,California,92618,United States,0.0,0.0,0
271,Baptist Health Lexington,-,https://www.baptisthealth.com/lexington/,-,Lexington,Kentucky,40503,United States,0.0,0.0,0
272,Axogen Corporation,-,https://www.axogeninc.com,-,Burleson,Texas,76028,United States,0.0,0.0,0
273,AXIS Spine LLC,-,https://www.axisspinecenter.com/,-,Westlake Village,California,91361,United States,0.0,0.0,0
274,AMG MED GROUP Corp,-,https://www.amgmedicalgroup.com/,-,Davie,Florida,33324,United States,0.0,0.0,0
275,Dendreon Pharmaceuticals LLC,-,https://www.dendreon.com/,-,Seal Beach,California,90740,United States,0.0,0.0,0
276,Fisher Bioservices,-,http://www.fisherbioservices.com/,-,Rockville,Maryland,20850,United States,0.0,0.0,0
277,Eversight,-,https://www.eversightvision.org/,-,Clark,New Jersey,7066,United States,0.0,0.0,0
278,Center For Womens's Medicine,-,https://womanshospital.com/,-,Houston,Texas,77079,United States,0.0,0.0,0
279,"University Of Chicago Medical Ctr, Clinical Microbiology",-,https://microbiology.uchicago.edu/,-,Chicago,Illinois,60637,United States,0.0,0.0,0
280,"Osteomed, LLC",-,https://www.linkedin.com/company/osteomed/,-,Addison,Texas,75001,United States,0.0,0.0,0
281,TelaGen LLC,-,https://www.telagenllc.com/,-,Pensacola,Florida,32504,United States,0.0,0.0,0
282,University of Washington Med Center - Roosevelt,-,https://www.uwmedicine.org/locations/general-internal-medicine-center-uwmc-roosevelt,-,Seattle,Washington,98105,United States,0.0,0.0,0
283,"Sentry Biopharma Services, Inc.",-,https://sentrybps.com/,-,Indianapolis,Indiana,46241,United States,0.0,0.0,0
284,"Tritium BioSciences, LLC",-,https://www.bizapedia.com/us/tritium-biosciences-llc.html,-,Cordova,Tennessee,38018,United States,0.0,0.0,0
285,Office of Chief Medical Examiner Decomposition Room,-,https://www1.nyc.gov/site/ocme/index.page,-,Smithtown,New York,11787,United States,0.0,0.0,0
286,Sterigenics U.S. LLC,-,https://sterigenics.com/,-,Mulberry,Florida,33860,United States,0.0,0.0,0
287,"Sunstar Americas, Inc.",-,https://www.sunstar.com/,-,Schaumburg,Illinois,60195,United States,0.0,0.0,0
288,New York Firefighters Skin Bank New York Presbyterian Hosp,-,https://www.nyp.org/burn-center/burn-center-specialized-programs,-,New York,New York,10065,United States,0.0,0.0,0
289,Next Step Medical Co Inc,-,"https://npino.com/medical-supplies/1669510327-next-step-medical,-co./",-,Rio Piedras,Puerto Rico,925,United States,0.0,0.0,0
290,NIH Clinical Center,-,https://clinicalcenter.nih.gov/,-,Bethesda,Maryland,20892,United States,0.0,0.0,0
291,Viracor-IBT Laboratories,-,https://www.eurofins-viracor.com/clinical/news-and-events/posts/2013/november/viracor-ibt-laboratories-acquires-assets-of-the-national-institute-of-transplantation/,-,Los Angeles,California,90057,United States,0.0,0.0,0
292,"Nuvasive PR, Inc.",-,https://www.nuvasive.com/,-,Guaynabo,Puerto Rico,968,United States,0.0,0.0,0
293,Vericel Corporation,-,https://www.vcel.com/,-,Cambridge,Massachusetts,2139,United States,0.0,0.0,0
294,Stanford Clinical Laboratory at Hillview,-,https://stanfordlab.com/clinical-pathology.html,-,Palo Alto,California,94304,United States,0.0,0.0,0
295,UW Medicine - University of Washington,-,https://www.uwmedicine.org/,-,Seattle,Washington,98195,United States,0.0,0.0,0
296,"Sunrise Medical Laboratories, Inc.",-,https://www.sunriselab.com/,-,Hicksville,New York,11801,United States,0.0,0.0,0
297,VA Tennessee Valley Healthcare System - Nashville Campus,-,https://www.va.gov/tennessee-valley-health-care/,-,Nashville,Tennessee,37212,United States,0.0,0.0,0
298,Vivex Biomedical Inc,-,https://vivex.com/,-,Marietta,Georgia,30062,United States,0.0,0.0,0
299,Allomed Biologics,-,https://www.allomed.at/en/about-us/,-,Tucson,Arizona,85712,United States,0.0,0.0,0
300,"Vivorte, Inc.",-,https://vivorte.com/about/,-,Louisville,Kentucky,40204,United States,0.0,0.0,0
301,Alliqua Biomedical,-,https://www.biospace.com/article/releases/celularity-scoops-up-alliqua-biomedical-in-29m-deal/,-,Langhorne,Pennsylvania,19047,United States,0.0,0.0,0
302,US Stem Cell Inc,-,http://us-stemcell.com/,-,Sunrise,Florida,33325,United States,0.0,0.0,0
303,"Artivion, Inc",-,https://artivion.com/,-,Kennesaw,Georgia,30144,United States,0.0,0.0,0
304,"ArtiMed Solutions, LLC.",-,https://opencorporates.com/companies/us_tx/0801748364,-,Dallas,Texas,75218,United States,0.0,0.0,0
305,"Argon Medical USA, LLC",-,https://www.argonmedical.com/,-,Marshfield,Wisconsin,54449,United States,0.0,0.0,0
306,"Alpha Med Distributors, LLC",-,https://alphamedicalllc.com/,-,Frisco,Texas,75034,United States,0.0,0.0,0
307,Tutogen Medical GmbH,-,http://www.tutogen.de,-,Neunkirchen a. Brand,-,-,Germany,0.0,0.0,0
308,"Amniox Medical, Inc",-,https://biotissue.com/,-,Atlanta,Georgia,30339,United States,0.0,0.0,0
309,Inova Health Care Services,-,https://www.inova.org/,-,Sterling,Virginia,20166,United States,0.0,0.0,0
310,MayoClinic,-,https://www.mayoclinic.org/patient-visitor-guide/florida,-,Maple Grove,Minnesota,55369,United States,0.0,0.0,0
311,"Nelson Labs Fairfield, Inc.",-,https://www.nelsonlabs.com/locations/fairfield-new-jersey-usa/,-,Fairfield,New Jersey,7004,United States,0.0,0.0,0
312,Medtronic Inc,-,https://www.medtronic.com/us-en/index.html,-,West Des Moines,Iowa,50266,United States,0.0,0.0,0
313,"Medalliance, Inc",-,https://medalliance.com/,-,Glenside,Pennsylvania,19038,United States,0.0,0.0,0
314,Liventa Bioscience Inc.,-,http://www.liventabioscience.com/,-,Conshohocken,Pennsylvania,19428,United States,0.0,0.0,0
315,Meridian LifeSciences LLC,-,https://www.meridianbioscience.com/lifescience/about-life-science/,-,San Antonio,Texas,78232,United States,0.0,0.0,0
316,"South Bend Medical Foundation, Inc.",-,https://www.sbmf.org/,-,South Bend,Indiana,46601,United States,0.0,0.0,0
317,"Department of Air Force, 59th Medical Wing/SGVLB",-,https://www.59mdw.af.mil/,-,Lackland Afb,Texas,78236,United States,0.0,0.0,0
318,Charles River Laboratories Inc,-,https://www.criver.com/,-,Memphis,Tennessee,38118,United States,0.0,0.0,0
319,Stanford Healthcare ValleyCare,-,https://valleycare.com/,-,Pleasanton,California,94588,United States,0.0,0.0,0
320,"Regenerative Biologics, Inc.",-,https://regenerative-biologics.com/,-,Melbourne,Florida,32935,United States,0.0,0.0,0
321,HCA Health Services of Tennessee dba TriStar Centennial,-,https://tristarhealth.com/locations/tristar-centennial/,-,Nashville,Tennessee,37203,United States,0.0,0.0,0
322,"Hausten Healthcare, LLC",-,http://www.hausten-h.com/english/,-,Honolulu,Hawaii,96826,United States,0.0,0.0,0
323,"Fibrocell Technologies, Inc.",-,http://www.fibrocell.com/technology/index.html,-,Exton,Pennsylvania,19341,United States,0.0,0.0,0
